password,last_login,is_superuser,username,first_name,email,is_staff,is_active,date_joined,last_name
Kasey5484!,2019-03-22 11:00:00,0,maggieclancey,Maggie,Maggie_Clancey@gmail.com,0,1,2019-03-22 11:00:00,Clancey
Kasey5484!,2019-03-22 11:00:00,0,dogtime,Dog,Dogtime@gmail.com,0,1,2019-03-22 11:00:00,time
Kasey5484!,2019-03-22 11:00:00,0,juliasmith,Julia,Julia_Smith@gmail.com,0,1,2019-03-22 11:00:00,Smith
Kasey5484!,2019-03-22 11:00:00,0,mikeclark,Mike,Mike_Clark@gmail.com,0,1,2019-03-22 11:00:00,Clark
Kasey5484!,2019-03-22 11:00:00,0,melevasteiert,Maleva,Meleva_Steiert@gmail.com,0,1,2019-03-22 11:00:00,Steiert
Kasey5484!,2019-03-22 11:00:00,0,michaelleaverton,Michael,Michael_Leaverton@yahoo.com,0,1,2019-03-22 11:00:00,Leaverton
Kasey5484!,2019-03-22 11:00:00,0,bonniebrae,Bonnie,Bonnie_Brae@gmail.com,0,1,2019-03-22 11:00:00,Brae
Kasey5484!,2019-03-22 11:00:00,0,wailanisung,Wailani,Wailani_Sung@gmail.com,0,1,2019-03-22 11:00:00,Sung
Kasey5484!,2019-03-22 11:00:00,0,kristenseymour,Kristen,Kristen_Seymour@gmail.com,0,1,2019-03-22 11:00:00,Seymour
Kasey5484!,2019-03-22 11:00:00,0,martybecker,Marty,Marty_Becker@gmail.com,0,1,2019-03-22 11:00:00,Becker